,gene_or_promoter,start,end,strand,class,genes_in_TU,start_if_select_as_start,cannot_as_start
0,Mfl001,0,1332,1,genes,,0,0
1,PM_1528-1534,1528,1534,1,promoter,Mfl002,1528,0
2,Mfl002,1559,2681,1,genes,,1559,0
3,Mfl003,2707,3682,-1,genes,,2707,0
4,PM_3707-3713,3707,3713,-1,promoter,Mfl003,3707,0
5,PM_3716-3722,3716,3722,1,promoter,"Mfl004, Mfl005",3716,0
6,Mfl004,3750,4278,1,genes,,3750,0
7,Mfl005,4279,5083,1,genes,,4279,0
8,PM_5253-5259,5253,5259,1,promoter,"Mfl006, Mfl007",5253,0
9,Mfl006,5301,7209,1,genes,,5301,0
10,Mfl007,7235,9713,1,genes,,7235,0
11,PM_9808-9814,9808,9814,1,promoter,"Mfl008, Mfl009",9808,0
12,Mfl008,9836,12362,1,genes,,9836,0
13,Mfl009,12375,13839,1,genes,,12375,0
14,PM_13870-13876,13870,13876,1,promoter,Mfl010,13870,0
15,Mfl010,13897,14632,1,genes,,13897,0
16,PM_14699-14705,14699,14705,1,promoter,"Mfl011, Mfl012, Mfl013",14699,0
17,Mfl011,14853,16248,1,genes,,14853,0
18,Mfl012,16263,17718,1,genes,,16263,0
19,Mfl013,17727,18645,1,genes,,17727,0
20,Mfl014,18680,20039,-1,genes,,18680,0
21,PM_20063-20069,20063,20069,-1,promoter,Mfl014,20063,0
22,Mfl015,20110,21676,-1,genes,,20110,0
23,PM_21716-21722,21716,21722,-1,promoter,Mfl015,21716,0
24,Mfl016,21758,23372,-1,genes,,21758,0
25,PM_23401-23407,23401,23407,-1,promoter,Mfl016,23401,0
26,Mfl017,23457,24726,-1,genes,,23457,0
27,PM_24765-24771,24765,24771,-1,promoter,Mfl017,24765,0
28,PM_24843-24849,24843,24849,1,promoter,Mfl018,24843,0
29,Mfl018,24874,25738,1,genes,,24874,0
30,PM_25798-25804,25798,25804,1,promoter,Mfl019,25798,0
31,Mfl019,25860,27675,1,genes,,25860,0
33,PM_27724-27730,27724,27730,1,promoter,"Mfl020, Mfl021, Mfl022",27724,1
35,Mfl020,27766,29887,1,genes,,27766,0
36,PM_29934-29940,29934,29940,1,promoter,"Mfl021, Mfl022",29934,1
38,Mfl021,30125,30965,1,genes,,30125,0
39,PM_30974-30980,30974,30980,1,promoter,Mfl022,30974,0
40,Mfl022,31148,31826,1,genes,,31148,0
41,PM_31947-31953,31947,31953,1,promoter,"Mfl023, Mfl024, Mfl025, Mfl026, Mfl027",31947,0
42,Mfl023,32115,34194,1,genes,,32115,0
43,Mfl024,34225,36583,1,genes,,34225,0
44,Mfl025,36575,37565,1,genes,,36575,1
45,PM_37132-37138,37132,37138,1,promoter,"Mfl026, Mfl027",37132,1
46,Mfl026,37573,38899,1,genes,,37573,0
47,Mfl027,38898,40035,1,genes,,38898,1
48,PM_40115-40121,40115,40121,1,promoter,"Mfl028, Mfl029, Mfl030",40115,0
49,Mfl028,40144,40462,1,genes,,40144,0
50,Mfl029,40464,41442,1,genes,,40464,0
51,Mfl030,41443,42943,1,genes,,41443,0
52,Mfl031,42978,43698,-1,genes,,42978,0
53,PM_43715-43721,43715,43721,1,promoter,Mfl032,43715,0
54,Mfl032,43809,44535,1,genes,,43809,0
55,Mfl033,44648,47225,1,genes,,44648,0
56,PM_47199-47205,47199,47205,1,promoter,Mfl034,47199,1
57,Mfl034,47226,48678,1,genes,,47226,0
58,Mfl035,48711,49365,-1,genes,,48711,0
59,PM_49489-49495,49489,49495,-1,promoter,Mfl035,49489,0
60,PM_49529-49535,49529,49535,1,promoter,Mfl036,49529,0
61,Mfl036,49571,51101,1,genes,,49571,0
62,PM_51167-51173,51167,51173,1,promoter,"Mfl037, Mfl038, Mfl039, Mfl040, Mfl041, Mfl042, Mfl043, Mfl044",51167,0
63,Mfl037,51297,52656,1,genes,,51297,0
64,Mfl038,52657,53662,1,genes,,52657,0
65,Mfl039,53675,54788,1,genes,,53675,0
66,Mfl040,54787,55777,1,genes,,54787,1
67,Mfl041,55797,57066,1,genes,,55797,0
68,Mfl042,57081,58890,1,genes,,57081,0
69,Mfl043,58891,59860,1,genes,,58891,0
70,Mfl044,59861,61052,1,genes,,59861,0
71,PM_61094-61100,61094,61100,1,promoter,Mfl045,61094,0
72,Mfl045,61125,61926,1,genes,,61125,0
73,Mfl046,61952,62552,-1,genes,,61952,0
74,PM_62579-62585,62579,62585,-1,promoter,Mfl046,62579,0
75,PM_62597-62603,62597,62603,1,promoter,"Mfl047, Mfl048",62597,0
76,Mfl047,62638,63439,1,genes,,62638,0
77,PM_63445-63451,63445,63451,1,promoter,Mfl048,63445,0
78,Mfl048,63481,64273,1,genes,,63481,0
79,PM_64502-64508,64502,64508,1,promoter,Mfl049,64502,0
80,Mfl049,64525,64846,1,genes,,64525,0
81,Mfl050,64862,65354,-1,genes,,64862,0
82,Mfl051,65343,65649,-1,genes,,65343,1
83,PM_65716-65722,65716,65722,1,promoter,Mfl052,65716,0
84,Mfl052,65767,66367,1,genes,,65767,0
85,Mfl053,66404,67943,-1,genes,,66404,0
86,PM_67969-67975,67969,67975,-1,promoter,Mfl053,67969,0
87,Mfl054,68212,68800,-1,genes,,68212,0
88,Mfl055,68964,69918,-1,genes,,68964,0
89,PM_69940-69946,69940,69946,-1,promoter,Mfl055,69940,0
90,Mfl056,69976,70675,-1,genes,,69976,0
91,PM_70562-70568,70562,70568,-1,promoter,"Mfl055, Mfl056",70562,1
92,PM_70564-70570,70564,70570,1,promoter,Mfl057,70564,1
93,Mfl057,70614,73446,1,genes,,70614,1
94,Mfl058,73662,75510,1,genes,,73662,0
95,Mfl059,75509,78359,1,genes,,75509,1
96,Mfl060,78342,79449,1,genes,,78342,1
97,Mfl061,79464,80139,1,genes,,79464,0
98,PM_80189-80195,80189,80195,1,promoter,"Mfl062, Mfl063, Mfl064, Mfl065, Mfl066, Mfl067",80189,0
99,Mfl062,80224,81157,1,genes,,80224,0
100,Mfl063,81164,82763,1,genes,,81164,0
101,PM_82576-82582,82576,82582,1,promoter,"Mfl064, Mfl065, Mfl066, Mfl067",82576,1
102,Mfl064,82746,83682,1,genes,,82746,1
103,Mfl065,83710,85105,1,genes,,83710,0
104,PM_84923-84929,84923,84929,1,promoter,"Mfl066, Mfl067",84923,1
105,Mfl066,85126,86080,1,genes,,85126,0
106,PM_86106-86112,86106,86112,1,promoter,Mfl067,86106,0
107,Mfl067,86139,86376,1,genes,,86139,0
108,PM_86408-86414,86408,86414,1,promoter,"Mfl068, Mfl069, Mfl070",86408,0
109,Mfl068,86447,86714,1,genes,,86447,0
110,Mfl069,86738,90299,1,genes,,86738,0
111,Mfl070,90314,91661,1,genes,,90314,0
112,PM_91717-91723,91717,91723,1,promoter,Mfl071,91717,0
113,Mfl071,91752,93096,1,genes,,91752,0
114,Mfl072,93150,94500,1,genes,,93150,0
115,PM_94517-94523,94517,94523,1,promoter,Mfl073,94517,0
116,Mfl073,94550,95225,1,genes,,94550,0
117,PM_95266-95272,95266,95272,1,promoter,"Mfl074, Mfl075, Mfl076, Mfl077",95266,0
118,Mfl074,95429,96719,1,genes,,95429,0
119,Mfl075,96736,98035,1,genes,,96736,0
120,PM_98040-98046,98040,98046,1,promoter,"Mfl076, Mfl077",98040,0
121,Mfl076,98069,99113,1,genes,,98069,0
122,Mfl077,99129,99690,1,genes,,99129,0
123,Mfl078,99703,100627,-1,genes,,99703,0
124,Mfl079,100697,102107,1,genes,,100697,0
125,PM_102780-102786,102780,102786,1,promoter,"Mfl080, Mfl081, Mfl082",102780,0
126,Mfl080,102861,103734,1,genes,,102861,0
127,PM_103737-103743,103737,103743,1,promoter,"Mfl081, Mfl082",103737,0
128,Mfl081,103796,104252,1,genes,,103796,0
129,Mfl082,104278,104509,1,genes,,104278,0
130,PM_104605-104611,104605,104611,1,promoter,"Mfl083, Mfl084",104605,0
131,Mfl083,104644,105088,1,genes,,104644,0
132,Mfl084,105089,106436,1,genes,,105089,0
133,PM_106466-106472,106466,106472,1,promoter,Mfl085,106466,0
134,Mfl085,106501,107935,1,genes,,106501,0
135,PM_108004-108010,108004,108010,1,promoter,"Mfl086, Mfl087, Mfl088",108004,0
136,Mfl086,108040,108958,1,genes,,108040,0
137,Mfl087,108973,110299,1,genes,,108973,0
138,Mfl088,110300,111029,1,genes,,110300,0
139,PM_111035-111041,111035,111041,1,promoter,"Mfl090, Mfl091",111035,0
140,Mfl089,111106,111271,1,genes,,111106,0
141,Mfl090,111270,111609,1,genes,,111270,1
142,Mfl091,111620,112250,1,genes,,111620,0
143,PM_112296-112302,112296,112302,1,promoter,Mfl092,112296,0
144,Mfl092,112384,114139,1,genes,,112384,0
145,Mfl093,114151,114658,-1,genes,,114151,0
146,PM_114692-114698,114692,114698,-1,promoter,Mfl093,114692,0
147,PM_114696-114702,114696,114702,1,promoter,"Mfl094, Mfl095, Mfl096, Mfl097, Mfl098",114696,1
148,Mfl094,114736,116071,1,genes,,114736,0
149,Mfl095,116086,117058,1,genes,,116086,0
150,Mfl096,117069,118638,1,genes,,117069,0
151,Mfl097,118639,120493,1,genes,,118639,0
152,Mfl098,120495,123477,1,genes,,120495,0
153,Mfl099,123544,124474,1,genes,,123544,0
154,PM_124534-124540,124534,124540,1,promoter,Mfl100,124534,0
155,Mfl100,124564,127426,1,genes,,124564,0
156,Mfl101,127477,129244,1,genes,,127477,0
157,PM_129268-129274,129268,129274,1,promoter,Mfl102,129268,0
158,Mfl102,129302,129773,1,genes,,129302,0
159,Mfl103,129811,130684,1,genes,,129811,0
160,Mflt01,130740,130816,1,genes,,130740,0
161,Mfl104,130853,131153,-1,genes,,130853,0
162,PM_131176-131182,131176,131182,-1,promoter,Mfl104,131176,0
163,PM_131194-131200,131194,131200,1,promoter,"Mfl105, Mfl106, Mfl107",131194,0
164,Mfl105,131226,131667,1,genes,,131226,0
165,Mfl106,131650,132889,1,genes,,131650,1
166,PM_132894-132900,132894,132900,1,promoter,Mfl107,132894,0
167,Mfl107,132934,133558,1,genes,,132934,0
168,PM_133642-133648,133642,133648,1,promoter,"Mfl109, Mfl110, Mfl111, Mfl112, Mfl113, Mfl114, Mfl115, Mfl116",133642,0
169,Mfl108,133680,134076,1,genes,,133680,0
170,Mfl109,134106,134961,1,genes,,134106,0
171,Mfl110,134978,135293,1,genes,,134978,0
172,Mfl111,135321,135855,1,genes,,135321,0
173,Mfl112,135859,136411,1,genes,,135859,0
174,Mfl113,136423,138001,1,genes,,136423,0
175,Mfl114,138000,138846,1,genes,,138000,1
176,Mfl115,138855,140295,1,genes,,138855,0
177,Mfl116,140305,140605,1,genes,,140305,0
178,PM_140658-140664,140658,140664,1,promoter,"Mfl117, Mfl118",140658,0
179,Mfl117,140685,141090,1,genes,,140685,0
180,Mfl118,141290,142880,1,genes,,141290,0
181,Mfl119,142940,144245,-1,genes,,142940,0
182,PM_144298-144304,144298,144304,-1,promoter,Mfl119,144298,0
183,PM_144300-144306,144300,144306,1,promoter,"Mfl120, Mfl121",144300,1
184,Mfl120,144339,146025,1,genes,,144339,0
185,Mfl121,146033,146696,1,genes,,146033,0
186,PM_146821-146827,146821,146827,1,promoter,"Mfl122, Mfl123, Mfl124, Mfl125, Mfl126, Mfl127, Mfl128, Mfl129, Mfl130, Mfl131, Mfl132, Mfl133, Mfl134, Mfl135, Mfl136, Mfl137, Mfl138, Mfl139, Mfl140, Mfl141, Mfl142",146821,0
187,Mfl122,146916,147225,1,genes,,146916,0
188,Mfl123,147289,148006,1,genes,,147289,0
189,Mfl124,148018,148645,1,genes,,148018,0
190,Mfl125,148644,148929,1,genes,,148644,1
191,Mfl126,148995,149841,1,genes,,148995,0
192,Mfl127,149859,150123,1,genes,,149859,0
193,Mfl128,150141,150480,1,genes,,150141,0
194,Mfl129,150498,151224,1,genes,,150498,0
195,Mfl130,151223,151637,1,genes,,151223,1
196,Mfl131,151636,152056,1,genes,,151636,1
197,Mfl132,152055,152313,1,genes,,152055,1
198,Mfl133,152326,152695,1,genes,,152326,0
199,Mfl134,152708,153038,1,genes,,152708,0
200,Mfl135,153055,153598,1,genes,,153055,0
201,Mfl136,153617,153803,1,genes,,153617,0
202,Mfl137,153834,154224,1,genes,,153834,0
203,Mfl138,154243,154786,1,genes,,154243,0
204,Mfl139,154811,155159,1,genes,,154811,0
205,Mfl140,155179,155800,1,genes,,155179,0
206,Mfl141,155818,156256,1,genes,,155818,0
207,PM_156182-156188,156182,156188,1,promoter,Mfl142,156182,1
208,Mfl142,156257,157718,1,genes,,156257,0
209,PM_157765-157771,157765,157771,1,promoter,"Mfl143, Mfl144, Mfl145, Mfl146, Mfl147, Mfl148, Mfl149, Mfl150, Mfl151",157765,0
210,Mfl143,157795,158203,1,genes,,157795,0
211,Mfl144,158216,158855,1,genes,,158216,0
212,Mfl145,158855,159614,1,genes,,158855,0
213,PM_159220-159226,159220,159226,1,promoter,"Mfl146, Mfl147, Mfl148, Mfl149, Mfl150, Mfl151",159220,1
214,Mfl146,159626,159863,1,genes,,159626,0
215,Mfl147,159932,160046,1,genes,,159932,0
216,Mfl148,160103,160469,1,genes,,160103,0
217,Mfl149,160491,160884,1,genes,,160491,0
218,Mfl150,160909,161863,1,genes,,160909,0
219,Mfl151,161883,162243,1,genes,,161883,0
220,PM_162303-162309,162303,162309,1,promoter,"Mfl152, Mfl153, Mfl154, Mfl155",162303,0
221,Mfl152,162344,163565,1,genes,,162344,0
222,Mfl153,163555,164503,1,genes,,163555,1
223,Mfl154,164504,165503,1,genes,,164504,0
224,Mfl155,165512,166268,1,genes,,165512,0
225,PM_166449-166455,166449,166455,1,promoter,"Mfl156, Mfl157",166449,0
226,Mfl156,166495,170785,1,genes,,166495,0
227,Mfl157,170805,173346,1,genes,,170805,0
228,Mfl158,173372,175862,-1,genes,,173372,0
229,PM_175880-175886,175880,175886,-1,promoter,Mfl158,175880,0
230,PM_175928-175934,175928,175934,1,promoter,Mfl159,175928,0
231,Mfl159,175973,181418,1,genes,,175973,0
232,PM_181505-181511,181505,181511,1,promoter,"Mfl160, Mfl161, Mfl162, Mfl163",181505,0
233,Mfl160,181533,183534,1,genes,,181533,0
234,PM_183371-183377,183371,183377,1,promoter,"Mfl161, Mfl162, Mfl163",183371,1
235,Mfl161,183535,183823,1,genes,,183535,0
236,Mfl162,183822,185271,1,genes,,183822,1
237,Mfl163,185272,186712,1,genes,,185272,0
238,Mfl164,186748,187198,-1,genes,,186748,0
239,PM_187219-187225,187219,187225,-1,promoter,Mfl164,187219,0
240,Mfl165,187275,188190,-1,genes,,187275,0
241,PM_188220-188226,188220,188226,-1,promoter,Mfl165,188220,0
242,PM_188233-188239,188233,188239,1,promoter,"Mfl166, Mfl167",188233,0
243,PM_188242-188248,188242,188248,-1,promoter,Mfl165,188242,0
244,PM_188246-188252,188246,188252,1,promoter,"Mfl166, Mfl167",188246,1
245,Mfl166,188259,189954,1,genes,,188259,0
246,PM_189807-189813,189807,189813,1,promoter,Mfl167,189807,1
247,Mfl167,189962,190823,1,genes,,189962,0
248,Mflt02,190971,191047,1,genes,,190971,0
249,Mflt03,191055,191131,1,genes,,191055,0
250,Mflt04,191140,191216,1,genes,,191140,0
251,Mflt05,191225,191301,1,genes,,191225,0
252,Mflt06,191417,191493,1,genes,,191417,0
253,Mflt07,191497,191581,1,genes,,191497,0
254,Mflr01,191845,193373,1,genes,,191845,0
255,Mflr02,193580,196316,1,genes,,193580,0
256,Mflr03,196565,196668,1,genes,,196565,0
257,PM_196731-196737,196731,196737,1,promoter,"Mfl168, Mfl169",196731,0
258,Mfl168,196765,198358,1,genes,,196765,0
259,PM_198400-198406,198400,198406,1,promoter,Mfl169,198400,0
260,Mfl169,198430,199270,1,genes,,198430,0
261,PM_199434-199440,199434,199440,1,promoter,"Mfl170, Mfl171, Mfl172, Mfl173",199434,0
262,Mfl170,199470,200433,1,genes,,199470,0
263,PM_200226-200232,200226,200232,1,promoter,"Mfl171, Mfl172, Mfl173",200226,1
264,Mfl171,200441,200921,1,genes,,200441,0
265,PM_200956-200962,200956,200962,1,promoter,"Mfl172, Mfl173",200956,0
266,Mfl172,200993,201833,1,genes,,200993,0
267,Mfl173,201850,202687,1,genes,,201850,0
268,PM_202769-202775,202769,202775,1,promoter,"Mfl174, Mfl175",202769,0
269,Mfl174,202811,203783,1,genes,,202811,0
270,PM_203795-203801,203795,203801,1,promoter,Mfl175,203795,0
271,Mfl175,203833,205270,1,genes,,203833,0
272,Mfl176,205315,205768,-1,genes,,205315,0
273,PM_205799-205805,205799,205805,-1,promoter,Mfl176,205799,0
274,PM_205834-205840,205834,205840,1,promoter,"Mfl177, Mfl178",205834,0
275,Mfl177,206086,208021,1,genes,,206086,0
276,PM_208028-208034,208028,208034,1,promoter,Mfl178,208028,0
277,Mfl178,208058,208367,1,genes,,208058,0
278,PM_208481-208487,208481,208487,1,promoter,"Mfl179, Mfl180, Mfl181",208481,0
279,Mfl179,208507,209200,1,genes,,208507,0
280,Mfl180,209216,210152,1,genes,,209216,0
281,Mfl181,210161,212309,1,genes,,210161,0
282,PM_212379-212385,212379,212385,1,promoter,"Mfl182, Mfl183, Mfl184, Mfl185",212379,0
283,Mfl182,212438,213734,1,genes,,212438,0
284,Mfl183,213720,214737,1,genes,,213720,1
285,Mfl184,214736,215678,1,genes,,214736,1
286,PM_215506-215512,215506,215512,1,promoter,Mfl185,215506,1
287,Mfl185,215682,215868,1,genes,,215682,0
288,Mfl186,215878,216934,-1,genes,,215878,0
289,PM_216974-216980,216974,216980,-1,promoter,Mfl186,216974,0
290,PM_217065-217071,217065,217071,1,promoter,Mfl187,217065,0
291,Mfl187,217110,217584,1,genes,,217110,0
292,PM_217613-217619,217613,217619,1,promoter,"Mfl188, Mfl189, Mfl190, Mfl191",217613,0
293,Mfl188,217757,218300,1,genes,,217757,0
294,Mfl189,218331,218526,1,genes,,218331,0
295,Mfl190,218549,218912,1,genes,,218549,0
296,Mfl191,218921,219254,1,genes,,218921,0
297,Mfl192,219317,220370,-1,genes,,219317,0
298,PM_220356-220362,220356,220362,-1,promoter,Mfl192,220356,1
299,PM_220388-220394,220388,220394,1,promoter,"Mfl193, Mfl194, Mfl195, Mfl196",220388,0
300,PM_220395-220401,220395,220401,-1,promoter,Mfl192,220395,0
301,Mfl193,220420,221200,1,genes,,220420,0
302,PM_221230-221236,221230,221236,1,promoter,"Mfl194, Mfl195, Mfl196",221230,0
303,Mfl194,221257,221827,1,genes,,221257,0
304,Mfl195,221816,222710,1,genes,,221816,1
305,Mfl196,222690,223968,1,genes,,222690,1
306,PM_224021-224027,224021,224027,1,promoter,"Mfl197, Mfl198, Mfl199, Mfl200, Mfl201",224021,0
307,Mfl197,224049,224751,1,genes,,224049,0
308,Mfl198,224762,225422,1,genes,,224762,0
309,Mfl199,225424,226732,1,genes,,225424,0
310,Mfl200,226737,227742,1,genes,,226737,0
311,PM_227679-227685,227679,227685,1,promoter,Mfl201,227679,1
312,Mfl201,227762,228035,1,genes,,227762,0
313,PM_228071-228077,228071,228077,1,promoter,Mfl202,228071,0
314,Mfl202,228109,228649,1,genes,,228109,0
315,Mfl203,228629,229130,-1,genes,,228629,1
316,PM_229181-229187,229181,229187,1,promoter,"Mfl204, Mfl205, Mfl206, Mfl207",229181,0
317,Mfl204,229212,229569,1,genes,,229212,0
318,PM_229596-229602,229596,229602,1,promoter,"Mfl205, Mfl206, Mfl207",229596,0
319,Mfl205,229993,230452,1,genes,,229993,0
320,Mfl206,230494,231535,1,genes,,230494,0
321,PM_231578-231584,231578,231584,1,promoter,Mfl207,231578,0
322,Mfl207,231624,233136,1,genes,,231624,0
323,PM_233173-233179,233173,233179,1,promoter,"Mfl208, Mfl209, Mfl210, Mfl211, Mfl212",233173,0
324,Mfl208,233208,234171,1,genes,,233208,0
325,PM_234210-234216,234210,234216,1,promoter,"Mfl209, Mfl210, Mfl211, Mfl212",234210,0
326,Mfl209,234223,236338,1,genes,,234223,0
327,Mfl210,236357,236807,1,genes,,236357,0
328,PM_236790-236796,236790,236796,1,promoter,"Mfl211, Mfl212",236790,1
329,Mfl211,236816,237047,1,genes,,236816,0
330,Mfl212,237056,237545,1,genes,,237056,0
331,Mfl213,237596,237857,1,genes,,237596,0
332,PM_237600-237606,237600,237606,1,promoter,"Mfl213, Mfl214",237600,1
333,Mfl214,237896,240026,1,genes,,237896,0
334,Mfl215,240068,241073,-1,genes,,240068,0
335,PM_241102-241108,241102,241108,-1,promoter,Mfl215,241102,0
336,Mfl216,241249,242368,1,genes,,241249,0
337,PM_242828-242834,242828,242834,1,promoter,"Mfl217, Mfl218",242828,0
338,Mfl217,242865,244272,1,genes,,242865,0
339,Mfl218,244280,244952,1,genes,,244280,0
340,Mfl219,245005,246349,1,genes,,245005,0
341,PM_246062-246068,246062,246068,1,promoter,"Mfl220, Mfl221, Mfl222, Mfl223, Mfl224",246062,1
342,Mfl220,246375,247140,1,genes,,246375,0
343,Mfl221,247141,248302,1,genes,,247141,0
344,Mfl222,248311,249208,1,genes,,248311,0
345,Mfl223,249207,249879,1,genes,,249207,1
346,Mfl224,249871,250495,1,genes,,249871,1
347,Mfl225,250503,250941,-1,genes,,250503,0
348,PM_250967-250973,250967,250973,-1,promoter,Mfl225,250967,0
349,Mflt08,251050,251135,-1,genes,,251050,0
350,PM_251162-251168,251162,251168,1,promoter,Mfl226,251162,0
351,Mfl226,251189,251933,1,genes,,251189,0
352,Mfl227,251970,252171,-1,genes,,251970,0
353,PM_252216-252222,252216,252222,-1,promoter,Mfl227,252216,0
354,PM_252294-252300,252294,252300,1,promoter,"Mfl228, Mfl229",252294,0
355,Mfl228,252326,252638,1,genes,,252326,0
356,PM_252505-252511,252505,252511,1,promoter,Mfl229,252505,1
357,Mfl229,252666,254313,1,genes,,252666,0
358,PM_254347-254353,254347,254353,1,promoter,"Mfl230, Mfl231",254347,0
359,Mfl230,254376,255372,1,genes,,254376,0
360,Mfl231,255373,256069,1,genes,,255373,0
361,PM_256171-256177,256171,256177,1,promoter,Mfl232,256171,0
362,Mfl232,256218,259206,1,genes,,256218,0
363,PM_259312-259318,259312,259318,1,promoter,"Mfl233, Mfl234, Mfl235, Mfl236",259312,0
364,Mfl233,259349,260489,1,genes,,259349,0
365,Mfl234,260517,262665,1,genes,,260517,0
366,Mfl235,262657,263518,1,genes,,262657,1
367,PM_263437-263443,263437,263443,1,promoter,Mfl236,263437,1
368,Mfl236,263521,264208,1,genes,,263521,0
369,PM_264256-264262,264256,264262,1,promoter,"Mfl237, Mfl238, Mfl239",264256,0
370,Mfl237,264287,265391,1,genes,,264287,0
371,Mfl238,265383,265710,1,genes,,265383,1
372,Mfl239,265709,266474,1,genes,,265709,1
373,PM_266521-266527,266521,266527,1,promoter,Mfl240,266521,0
374,Mfl240,266560,267694,1,genes,,266560,0
375,PM_267729-267735,267729,267735,1,promoter,Mfl241,267729,0
376,Mfl241,267760,269659,1,genes,,267760,0
377,PM_269706-269712,269706,269712,1,promoter,"Mfl242, Mfl243, Mfl244",269706,0
378,Mfl242,269738,271067,1,genes,,269738,0
379,Mfl243,271059,271710,1,genes,,271059,1
380,PM_271712-271718,271712,271718,1,promoter,Mfl244,271712,0
381,Mfl244,271737,272718,1,genes,,271737,0
382,Mfl245,272801,273209,-1,genes,,272801,0
383,Mfl246,273208,275257,-1,genes,,273208,1
384,Mfl247,275256,278112,-1,genes,,275256,1
385,PM_278180-278186,278180,278186,-1,promoter,"Mfl245, Mfl246, Mfl247",278180,0
386,PM_278230-278236,278230,278236,1,promoter,"Mfl248, Mfl249, Mfl250",278230,0
387,Mfl248,278263,279490,1,genes,,278263,0
388,Mfl249,279499,279928,1,genes,,279499,0
389,PM_279938-279944,279938,279944,1,promoter,Mfl250,279938,0
390,Mfl250,279985,280633,1,genes,,279985,0
391,PM_280694-280700,280694,280700,1,promoter,"Mfl251, Mfl252",280694,0
392,Mfl251,280727,281084,1,genes,,280727,0
393,PM_281118-281124,281118,281124,1,promoter,Mfl252,281118,0
394,Mfl252,281157,282144,1,genes,,281157,0
395,PM_282205-282211,282205,282211,1,promoter,Mfl253,282205,0
396,Mfl253,282233,282734,1,genes,,282233,0
397,PM_282821-282827,282821,282827,1,promoter,Mfl254,282821,0
398,Mfl254,282862,284143,1,genes,,282862,0
399,Mfl255,284218,284962,1,genes,,284218,0
400,PM_284223-284229,284223,284229,1,promoter,"Mfl255, Mfl256",284223,1
401,Mfl256,284961,285927,1,genes,,284961,1
402,PM_285990-285996,285990,285996,1,promoter,"Mfl257, Mfl258, Mfl259",285990,0
403,Mfl257,286035,286539,1,genes,,286035,0
404,Mfl258,286540,287296,1,genes,,286540,0
405,PM_287339-287345,287339,287345,1,promoter,Mfl259,287339,0
406,Mfl259,287376,288795,1,genes,,287376,0
407,PM_288880-288886,288880,288886,1,promoter,"Mfl260, Mfl261",288880,0
408,Mfl260,288934,291430,1,genes,,288934,0
409,Mfl261,291457,296539,1,genes,,291457,0
410,PM_296600-296606,296600,296606,1,promoter,"Mfl262, Mfl263",296600,0
411,Mfl262,296633,301808,1,genes,,296633,0
412,PM_301429-301435,301429,301435,1,promoter,Mfl263,301429,1
413,Mfl263,301818,302364,1,genes,,301818,0
414,Mfl264,302390,304217,1,genes,,302390,0
415,PM_304214-304220,304214,304220,1,promoter,"Mfl265, Mfl266, Mfl267",304214,1
416,Mfl265,304248,304758,1,genes,,304248,0
417,Mfl266,304750,305656,1,genes,,304750,1
418,Mfl267,305655,306459,1,genes,,305655,1
419,PM_306462-306468,306462,306468,1,promoter,"Mfl268, Mfl269, Mfl270, Mfl271, Mfl272, Mfl273",306462,0
420,Mfl268,306550,307906,1,genes,,306550,0
421,Mfl269,307925,309806,1,genes,,307925,0
422,Mfl270,309822,311238,1,genes,,309822,0
423,Mfl271,311239,311929,1,genes,,311239,0
424,Mfl272,311906,312683,1,genes,,311906,1
425,Mfl273,312672,314055,1,genes,,312672,1
426,PM_314102-314108,314102,314108,1,promoter,Mfl274,314102,0
427,Mfl274,314144,315689,1,genes,,314144,0
428,PM_315684-315690,315684,315690,1,promoter,"Mfl275, Mfl276",315684,1
429,Mfl275,315751,319762,1,genes,,315751,0
430,Mfl276,319779,320292,1,genes,,319779,0
431,PM_320302-320308,320302,320308,1,promoter,Mfl277,320302,0
432,Mfl277,320349,320913,1,genes,,320349,0
433,PM_320955-320961,320955,320961,1,promoter,Mfl278,320955,0
434,Mfl278,320985,323283,1,genes,,320985,0
435,Mfl279,323368,323956,1,genes,,323368,0
436,PM_323953-323959,323953,323959,1,promoter,"Mfl280, Mfl281",323953,1
437,Mfl280,323982,324261,1,genes,,323982,0
438,Mfl281,324262,324823,1,genes,,324262,0
439,PM_324864-324870,324864,324870,1,promoter,"Mfl282, Mfl283, Mfl284, -",324864,0
440,Mfl282,324877,325738,1,genes,,324877,0
441,Mfl283,325710,326280,1,genes,,325710,1
442,PM_326297-326303,326297,326303,1,promoter,"Mfl284, -",326297,0
443,Mfl284,326398,326665,1,genes,,326398,0
444,Mflt09,326733,326807,1,genes,,326733,0
445,PM_326851-326857,326851,326857,1,promoter,"Mfl285, Mfl286, Mfl287, Mfl288, Mfl289, Mfl290",326851,0
446,Mfl285,326882,327599,1,genes,,326882,0
447,PM_327636-327642,327636,327642,1,promoter,"Mfl286, Mfl287, Mfl288, Mfl289, Mfl290",327636,0
448,Mfl286,327674,328730,1,genes,,327674,0
449,Mfl287,328744,330013,1,genes,,328744,0
450,Mfl288,330026,334508,1,genes,,330026,0
451,Mfl289,334530,335160,1,genes,,334530,0
452,Mfl290,335193,336312,1,genes,,335193,0
453,PM_336324-336330,336324,336330,1,promoter,"Mfl291, Mfl292, Mfl293, Mfl294, Mfl295, Mfl296, Mfl297, Mfl298, Mfl299, Mfl300, Mfl301, Mfl302, Mfl303",336324,0
454,Mfl291,336399,336894,1,genes,,336399,0
455,Mfl292,336903,338319,1,genes,,336903,0
456,Mfl293,338257,338569,1,genes,,338257,1
457,Mfl294,338555,338855,1,genes,,338555,1
458,Mfl295,338873,340763,1,genes,,338873,0
459,Mfl296,340776,342228,1,genes,,340776,0
460,Mfl297,342230,342785,1,genes,,342230,0
461,Mfl298,342912,344802,1,genes,,342912,0
462,PM_344807-344813,344807,344813,1,promoter,"Mfl299, Mfl300, Mfl301, Mfl302, Mfl303",344807,0
463,Mfl299,344833,345490,1,genes,,344833,0
464,Mfl300,345489,346398,1,genes,,345489,1
465,Mfl301,346422,347208,1,genes,,346422,0
466,Mfl302,347226,347946,1,genes,,347226,0
467,Mfl303,347938,348655,1,genes,,347938,1
468,PM_348814-348820,348814,348820,1,promoter,"Mfl304, Mfl305, Mfl306",348814,0
469,Mfl304,348848,350216,1,genes,,348848,0
470,PM_350221-350227,350221,350227,1,promoter,"Mfl305, Mfl306",350221,0
471,Mfl305,350244,352752,1,genes,,350244,0
472,Mfl306,352765,353392,1,genes,,352765,0
473,Mfl307,353410,354769,-1,genes,,353410,0
474,PM_354675-354681,354675,354681,1,promoter,"Mfl308, Mfl309, Mfl310, Mfl311",354675,1
475,PM_354792-354798,354792,354798,-1,promoter,Mfl307,354792,0
476,PM_354796-354802,354796,354802,1,promoter,"Mfl308, Mfl309, Mfl310, Mfl311",354796,1
477,PM_354813-354819,354813,354819,-1,promoter,Mfl307,354813,0
478,PM_354817-354823,354817,354823,1,promoter,"Mfl308, Mfl309, Mfl310, Mfl311",354817,1
479,Mfl308,354846,356061,1,genes,,354846,0
480,Mfl309,356071,358015,1,genes,,356071,0
481,Mfl310,358030,360757,1,genes,,358030,0
482,Mfl311,360766,361525,1,genes,,360766,0
483,Mfl312,361621,364171,1,genes,,361621,0
484,Mfl313,364182,365592,1,genes,,364182,0
485,PM_365667-365673,365667,365673,1,promoter,"Mfl314, Mfl315",365667,0
486,Mfl314,365693,368411,1,genes,,365693,0
487,PM_368403-368409,368403,368409,1,promoter,Mfl315,368403,1
488,Mfl315,368443,369466,1,genes,,368443,0
489,PM_369529-369535,369529,369535,1,promoter,"Mfl316, Mfl317, Mfl318",369529,0
490,Mfl316,369533,370232,1,genes,,369533,1
491,PM_370271-370277,370271,370277,1,promoter,"Mfl317, Mfl318",370271,0
492,Mfl317,370297,372556,1,genes,,370297,0
493,PM_372467-372473,372467,372473,1,promoter,Mfl318,372467,1
494,Mfl318,372566,375131,1,genes,,372566,0
495,Mfl319,375167,375722,-1,genes,,375167,0
496,PM_375740-375746,375740,375746,-1,promoter,Mfl319,375740,0
497,PM_375788-375794,375788,375794,1,promoter,"Mfl320, Mfl321",375788,0
498,Mfl320,375816,376365,1,genes,,375816,0
499,Mfl321,376368,377202,1,genes,,376368,0
500,PM_377266-377272,377266,377272,1,promoter,"Mfl322, Mfl323",377266,0
501,Mfl322,377295,379527,1,genes,,377295,0
502,PM_379267-379273,379267,379273,1,promoter,Mfl323,379267,1
503,Mfl323,379519,380155,1,genes,,379519,1
504,Mfl324,380168,382187,-1,genes,,380168,0
505,Mfl325,382174,383482,-1,genes,,382174,1
506,Mfl326,383483,384404,-1,genes,,383483,0
507,PM_384452-384458,384452,384458,-1,promoter,"Mfl324, Mfl325, Mfl326",384452,0
508,Mfl327,384971,385862,1,genes,,384971,0
509,Mfl328,386129,387242,-1,genes,,386129,0
510,Mfl329,387257,388061,-1,genes,,387257,0
511,Mfl330,388060,388267,-1,genes,,388060,1
512,Mfl331,388256,389471,-1,genes,,388256,1
513,Mfl332,389470,389875,-1,genes,,389470,1
514,PM_389901-389907,389901,389907,-1,promoter,"Mfl328, Mfl329, Mfl330, Mfl331, Mfl332",389901,0
515,Mfl333,389914,390796,-1,genes,,389914,0
516,Mfl334,390799,391624,-1,genes,,390799,0
517,PM_391658-391664,391658,391664,-1,promoter,"Mfl328, Mfl329, Mfl330, Mfl331, Mfl332, Mfl333, Mfl334",391658,0
518,PM_391720-391726,391720,391726,1,promoter,Mfl335,391720,0
519,Mfl335,391734,392763,1,genes,,391734,0
520,Mfl336,392803,393112,-1,genes,,392803,0
521,PM_393147-393153,393147,393153,-1,promoter,Mfl336,393147,0
522,PM_393179-393185,393179,393185,1,promoter,Mfl337,393179,0
523,Mfl337,393213,393984,1,genes,,393213,0
524,Mfl338,394010,394742,-1,genes,,394010,0
525,Mfl339,394743,395877,-1,genes,,394743,0
526,PM_395929-395935,395929,395935,-1,promoter,"Mfl338, Mfl339",395929,0
527,Mfl340,396059,396551,1,genes,,396059,0
528,PM_396579-396585,396579,396585,1,promoter,Mfl341,396579,0
529,Mfl341,396679,396916,1,genes,,396679,0
530,PM_397014-397020,397014,397020,1,promoter,"Mfl342, Mfl343",397014,0
531,Mfl342,397159,398701,1,genes,,397159,0
532,Mfl343,398691,399834,1,genes,,398691,1
533,PM_399895-399901,399895,399901,1,promoter,"Mfl344, Mfl345, Mfl346",399895,0
534,Mfl344,399927,400548,1,genes,,399927,0
535,PM_400570-400576,400570,400576,1,promoter,"Mfl345, Mfl346",400570,0
536,Mfl345,400582,400723,1,genes,,400582,0
537,Mfl346,400753,401200,1,genes,,400753,0
538,Mfl347,401277,404619,-1,genes,,401277,0
539,PM_404636-404642,404636,404642,-1,promoter,Mfl347,404636,0
540,Mfl348,404836,405088,-1,genes,,404836,0
541,Mfl349,405123,407091,-1,genes,,405123,0
542,PM_405142-405148,405142,405148,-1,promoter,Mfl348,405142,1
543,Mfl350,407074,407329,-1,genes,,407074,1
544,PM_407349-407355,407349,407355,-1,promoter,"Mfl348, Mfl349, Mfl350",407349,0
545,Mfl351,407357,408455,-1,genes,,407357,0
546,Mfl352,408439,409351,-1,genes,,408439,1
547,PM_409374-409380,409374,409380,-1,promoter,"Mfl348, Mfl349, Mfl350, Mfl351, Mfl352",409374,0
548,Mfl353,409453,410158,1,genes,,409453,0
549,Mfl354,410185,412699,-1,genes,,410185,0
550,PM_412717-412723,412717,412723,-1,promoter,Mfl354,412717,0
551,Mfl355,412784,415406,-1,genes,,412784,0
552,PM_415433-415439,415433,415439,-1,promoter,Mfl355,415433,0
553,Mfl356,415513,418429,-1,genes,,415513,0
554,Mfl357,418421,419018,-1,genes,,418421,1
555,Mfl358,419026,419563,-1,genes,,419026,0
556,Mfl359,419564,420200,-1,genes,,419564,0
557,Mfl360,420174,420846,-1,genes,,420174,1
558,PM_420879-420885,420879,420885,-1,promoter,"Mfl356, Mfl357, Mfl358, Mfl359, Mfl360",420879,0
559,Mfl361,420924,421635,1,genes,,420924,0
560,Mfl362,421669,422278,-1,genes,,421669,0
561,PM_422304-422310,422304,422310,-1,promoter,Mfl362,422304,0
562,Mfl362.1,422404,422569,-1,genes,,422404,0
563,PM_422600-422606,422600,422606,-1,promoter,Mfl362.1,422600,0
564,Mfl363,422688,423567,-1,genes,,422688,0
565,Mfl364,423566,423815,-1,genes,,423566,1
566,PM_423834-423840,423834,423840,-1,promoter,"Mfl363, Mfl364",423834,0
567,Mfl365,423915,425649,-1,genes,,423915,0
568,Mfl366,425651,427025,-1,genes,,425651,0
569,PM_426921-426927,426921,426927,-1,promoter,"Mfl365, Mfl366",426921,1
570,Mfl367,426999,428433,-1,genes,,426999,1
571,Mfl368,428425,429385,-1,genes,,428425,1
572,PM_428531-428537,428531,428537,-1,promoter,Mfl367,428531,1
573,PM_429410-429416,429410,429416,-1,promoter,"Mfl367, Mfl368",429410,0
574,PM_429478-429484,429478,429484,1,promoter,Mfl368.1,429478,0
575,Mfl368.1,429522,429768,1,genes,,429522,0
576,Mfl369,429810,431634,-1,genes,,429810,0
577,Mfl370,431805,432300,-1,genes,,431805,0
578,Mfl371,432356,432707,-1,genes,,432356,0
579,PM_432733-432739,432733,432739,-1,promoter,Mfl371,432733,0
580,Mfl372,432734,433385,-1,genes,,432734,1
581,Mfl373,433384,434494,-1,genes,,433384,1
582,Mfl374,434483,435023,-1,genes,,434483,1
583,Mfl375,435024,435621,-1,genes,,435024,0
584,PM_435645-435651,435645,435651,1,promoter,Mfl376,435645,0
585,PM_435660-435666,435660,435666,-1,promoter,"Mfl371, Mfl372, Mfl373, Mfl374, Mfl375",435660,0
586,Mfl376,435683,436445,1,genes,,435683,0
587,Mfl377,436449,437559,-1,genes,,436449,0
588,PM_437592-437598,437592,437598,-1,promoter,Mfl377,437592,0
589,Mfl378,437651,438782,-1,genes,,437651,0
590,PM_438810-438816,438810,438816,-1,promoter,Mfl378,438810,0
591,Mfl379,438877,439951,-1,genes,,438877,0
592,PM_439977-439983,439977,439983,-1,promoter,Mfl379,439977,0
593,Mfl380,440014,440158,-1,genes,,440014,0
594,PM_440295-440301,440295,440301,1,promoter,Mfl381,440295,0
595,Mfl381,440340,441396,1,genes,,440340,0
596,Mflt010,441480,441569,-1,genes,,441480,0
597,Mflt011,441576,441652,-1,genes,,441576,0
598,Mflt012,441657,441732,-1,genes,,441657,0
599,Mflt013,441737,441821,-1,genes,,441737,0
600,Mflt014,441828,441904,-1,genes,,441828,0
601,Mfl382,442021,443146,-1,genes,,442021,0
602,Mfl383,443147,443633,-1,genes,,443147,0
603,PM_443202-443208,443202,443208,-1,promoter,Mfl382,443202,1
604,Mfl384,443625,443961,-1,genes,,443625,1
605,PM_443984-443990,443984,443990,-1,promoter,"Mfl382, Mfl383, Mfl384",443984,0
606,Mfl385,444043,444517,-1,genes,,444043,0
607,Mfl386,444516,445962,-1,genes,,444516,1
608,Mfl387,445942,446878,-1,genes,,445942,1
609,PM_446022-446028,446022,446028,-1,promoter,"Mfl385, Mfl386",446022,1
610,Mfl388,446861,447485,-1,genes,,446861,1
611,Mfl389,447504,450231,-1,genes,,447504,0
612,PM_447512-447518,447512,447518,-1,promoter,"Mfl385, Mfl386, Mfl387, Mfl388",447512,1
613,PM_450491-450497,450491,450497,-1,promoter,"Mfl385, Mfl386, Mfl387, Mfl388, Mfl389",450491,0
614,Mfl390,450509,451484,-1,genes,,450509,0
615,PM_451508-451514,451508,451514,-1,promoter,"Mfl385, Mfl386, Mfl387, Mfl388, Mfl389, Mfl390",451508,1
617,Mfl391,451559,452030,-1,genes,,451559,0
618,Mfl392,451971,453162,-1,genes,,451971,1
619,Mfl393,453176,454484,-1,genes,,453176,0
620,PM_453198-453204,453198,453204,-1,promoter,"Mfl391, Mfl392",453198,1
621,Mfl394,454505,455432,-1,genes,,454505,0
622,Mfl395,455431,455887,-1,genes,,455431,1
623,PM_455908-455914,455908,455914,-1,promoter,"Mfl391, Mfl392, Mfl393, Mfl394, Mfl395",455908,0
624,Mfl396,456011,456191,-1,genes,,456011,0
625,Mfl397,456211,456706,-1,genes,,456211,0
626,PM_456323-456329,456323,456329,-1,promoter,Mfl396,456323,1
627,Mfl398,456710,459092,-1,genes,,456710,0
628,Mfl399,459099,460152,-1,genes,,459099,0
629,PM_459406-459412,459406,459412,-1,promoter,"Mfl396, Mfl397, Mfl398",459406,1
630,Mfl400,460167,460788,-1,genes,,460167,0
631,Mfl401,460795,465022,-1,genes,,460795,0
632,PM_465057-465063,465057,465063,-1,promoter,"Mfl396, Mfl397, Mfl398, Mfl399, Mfl400, Mfl401",465057,0
633,Mflr06,465133,465209,-1,genes,,465133,0
634,Mflr05,465458,468194,-1,genes,,465458,0
635,Mflr04,468401,469929,-1,genes,,468401,0
636,Mfl402,470173,470854,-1,genes,,470173,0
637,Mfl403,470876,472109,-1,genes,,470876,0
638,PM_472151-472157,472151,472157,-1,promoter,"Mfl402, Mfl403",472151,0
639,Mfl404,472160,474524,-1,genes,,472160,0
640,PM_474552-474558,474552,474558,-1,promoter,Mfl404,474552,0
641,Mfl405,474633,475914,-1,genes,,474633,0
642,Mfl406,475933,476233,-1,genes,,475933,0
643,Mfl407,476264,476822,-1,genes,,476264,0
644,PM_476868-476874,476868,476874,-1,promoter,"Mfl405, Mfl406, Mfl407",476868,0
645,Mfl408,476883,477360,-1,genes,,476883,0
646,Mfl409,477394,478336,-1,genes,,477394,0
647,Mfl410,478322,480452,-1,genes,,478322,1
648,PM_480486-480492,480486,480492,-1,promoter,"Mfl405, Mfl406, Mfl407, Mfl408, Mfl409, Mfl410",480486,0
649,Mfl411,480559,481177,-1,genes,,480559,0
650,PM_481211-481217,481211,481217,-1,promoter,Mfl411,481211,0
651,Mfl412,481234,482359,-1,genes,,481234,0
652,PM_482401-482407,482401,482407,-1,promoter,"Mfl411, Mfl412",482401,0
653,Mfl413,482429,483959,-1,genes,,482429,0
654,PM_484146-484152,484146,484152,-1,promoter,Mfl413,484146,0
655,Mfl414,484208,485333,-1,genes,,484208,0
656,Mfl415,485387,487166,-1,genes,,485387,0
657,Mfl416,487187,487751,-1,genes,,487187,0
658,Mfl417,487743,488772,-1,genes,,487743,1
659,PM_488788-488794,488788,488794,-1,promoter,"Mfl415, Mfl416, Mfl417",488788,0
660,Mfl418,488826,490962,-1,genes,,488826,0
661,PM_491008-491014,491008,491014,-1,promoter,"Mfl415, Mfl416, Mfl417, Mfl418",491008,0
662,Mfl419,491074,491941,-1,genes,,491074,0
663,PM_491968-491974,491968,491974,-1,promoter,Mfl419,491968,0
664,Mfl420,491999,492947,-1,genes,,491999,0
665,Mfl421,492939,493488,-1,genes,,492939,1
666,Mfl422,493557,495390,-1,genes,,493557,0
667,Mfl423,495400,497245,-1,genes,,495400,0
668,PM_497279-497285,497279,497285,-1,promoter,"Mfl422, Mfl423",497279,0
669,Mfl424,497366,498116,-1,genes,,497366,0
670,PM_498164-498170,498164,498170,-1,promoter,Mfl424,498164,0
671,Mfl425,498235,499594,1,genes,,498235,0
672,Mfl426,499597,501229,1,genes,,499597,0
673,Mfl427,501264,502704,-1,genes,,501264,0
674,PM_502824-502830,502824,502830,-1,promoter,Mfl427,502824,0
675,Mfl428,502912,503728,-1,genes,,502912,0
676,Mfl429,503731,507511,-1,genes,,503731,0
677,Mfl430,507620,509063,-1,genes,,507620,0
678,Mfl431,509046,510591,-1,genes,,509046,1
679,Mfl432,510683,511436,-1,genes,,510683,0
680,Mfl433,511457,511925,-1,genes,,511457,0
681,PM_511985-511991,511985,511991,-1,promoter,"Mfl432, Mfl433",511985,0
682,PM_512031-512037,512031,512037,1,promoter,"Mfl434, Mfl435",512031,0
683,Mfl434,512059,512758,1,genes,,512059,0
684,Mfl435,512775,513462,1,genes,,512775,0
685,Mfl436,513670,513859,-1,genes,,513670,0
686,Mfl437,513869,515222,-1,genes,,513869,0
687,Mfl438,515232,516135,-1,genes,,515232,0
688,PM_516160-516166,516160,516166,-1,promoter,"Mfl436, Mfl437, Mfl438",516160,0
689,Mfl439,516222,516510,-1,genes,,516222,0
690,Mfl440,516511,516826,-1,genes,,516511,0
691,Mfl441,516828,517128,-1,genes,,516828,0
692,PM_517226-517232,517226,517232,-1,promoter,"Mfl439, Mfl440, Mfl441",517226,0
693,Mfl442,517291,517684,-1,genes,,517291,0
694,Mfl443,517965,518388,-1,genes,,517965,0
695,Mfl444,518512,522943,-1,genes,,518512,0
696,PM_522974-522980,522974,522980,-1,promoter,Mfl444,522974,0
697,Mfl446,524856,527580,-1,genes,,524856,0
698,Mfl447,527598,528456,-1,genes,,527598,0
699,Mfl448,529926,530652,-1,genes,,529926,0
700,PM_530682-530688,530682,530688,-1,promoter,"Mfl446, Mfl447, Mfl448",530682,0
701,Mfl449,531527,532379,-1,genes,,531527,0
702,Mfl450,532381,533089,-1,genes,,532381,0
703,PM_533119-533125,533119,533125,-1,promoter,"Mfl449, Mfl450",533119,0
704,Mfl451,533192,533795,-1,genes,,533192,0
705,PM_533813-533819,533813,533819,-1,promoter,Mfl451,533813,0
706,Mfl452,533958,534711,-1,genes,,533958,0
707,Mfl453,534790,535627,-1,genes,,534790,0
708,PM_535661-535667,535661,535667,-1,promoter,Mfl453,535661,0
709,Mfl454,535708,536476,-1,genes,,535708,0
710,Mfl455,536622,536850,-1,genes,,536622,0
711,Mfl456,536836,537970,-1,genes,,536836,1
712,Mfl457,538047,538284,-1,genes,,538047,0
713,Mfl458,538303,539896,-1,genes,,538303,0
714,Mfl459,539921,541943,-1,genes,,539921,0
715,Mfl460,541995,543810,-1,genes,,541995,0
716,Mfl461,543845,545717,-1,genes,,543845,0
717,Mfl462,545732,548600,-1,genes,,545732,0
718,PM_548673-548679,548673,548679,-1,promoter,"Mfl457, Mfl458, Mfl459, Mfl460, Mfl461, Mfl462",548673,0
719,Mfl463,548822,549392,-1,genes,,548822,0
720,PM_549425-549431,549425,549431,-1,promoter,Mfl463,549425,0
721,Mfl464,549467,549896,-1,genes,,549467,0
722,Mfl465,549888,550788,-1,genes,,549888,1
723,PM_550795-550801,550795,550801,-1,promoter,"Mfl464, Mfl465",550795,0
724,PM_550834-550840,550834,550840,1,promoter,Mfl466,550834,0
725,Mfl466,550861,551266,1,genes,,550861,0
726,Mfl467,551262,551835,-1,genes,,551262,1
727,PM_551866-551872,551866,551872,-1,promoter,Mfl467,551866,0
728,Mfl468,551919,553281,-1,genes,,551919,0
729,PM_553303-553309,553303,553309,-1,promoter,Mfl468,553303,0
730,PM_553376-553382,553376,553382,1,promoter,Mfl469,553376,0
731,Mfl469,553411,555250,1,genes,,553411,0
732,Mfl470,555286,555706,-1,genes,,555286,0
733,Mfl471,555707,556232,-1,genes,,555707,0
734,PM_556254-556260,556254,556260,-1,promoter,"Mfl470, Mfl471",556254,0
735,Mfl472,556286,557096,-1,genes,,556286,0
736,Mfl473,557110,558913,-1,genes,,557110,0
737,Mfl474,558930,559860,-1,genes,,558930,0
738,PM_558936-558942,558936,558942,-1,promoter,"Mfl472, Mfl473",558936,1
739,Mfl475,559863,560484,-1,genes,,559863,0
740,Mfl476,560509,561931,-1,genes,,560509,0
741,Mfl477,561935,562562,-1,genes,,561935,0
742,PM_562585-562591,562585,562591,-1,promoter,"Mfl472, Mfl473, Mfl474, Mfl475, Mfl476, Mfl477",562585,0
743,Mflt015,562654,562744,-1,genes,,562654,0
744,Mfl478,562794,563262,-1,genes,,562794,0
745,Mfl479,563274,564627,-1,genes,,563274,0
746,PM_564656-564662,564656,564662,-1,promoter,"-, Mfl478, Mfl479",564656,0
747,Mfl480,564719,566084,-1,genes,,564719,0
748,Mfl481,566088,566937,-1,genes,,566088,0
749,Mfl482,566941,568087,-1,genes,,566941,0
750,Mfl483,568099,568882,-1,genes,,568099,0
751,PM_568929-568935,568929,568935,-1,promoter,"Mfl480, Mfl481, Mfl482, Mfl483",568929,0
752,Mfl484,568948,569902,-1,genes,,568948,0
753,Mfl485,569914,570319,-1,genes,,569914,0
754,PM_570325-570331,570325,570331,-1,promoter,"Mfl480, Mfl481, Mfl482, Mfl483, Mfl484, Mfl485",570325,0
755,Mfl486,570384,570774,-1,genes,,570384,0
756,Mfl487,570775,571255,-1,genes,,570775,0
757,PM_571278-571284,571278,571284,-1,promoter,"Mfl486, Mfl487",571278,0
758,Mfl488,571306,572251,-1,genes,,571306,0
759,PM_572272-572278,572272,572278,-1,promoter,"Mfl486, Mfl487, Mfl488",572272,0
760,Mfl489,572365,574042,-1,genes,,572365,0
761,PM_574071-574077,574071,574077,-1,promoter,Mfl489,574071,0
762,Mfl490,574123,576529,-1,genes,,574123,0
763,PM_576561-576567,576561,576567,-1,promoter,Mfl490,576561,0
764,Mflt016,576624,576701,-1,genes,,576624,0
765,Mfl491,576774,578544,-1,genes,,576774,0
766,PM_578569-578575,578569,578575,-1,promoter,"-, Mfl491",578569,0
767,Mfl492,578641,579037,-1,genes,,578641,0
768,Mfl493,579036,579489,-1,genes,,579036,1
769,PM_579548-579554,579548,579554,-1,promoter,"Mfl492, Mfl493",579548,0
770,Mfl494,579580,580147,-1,genes,,579580,0
771,Mfl495,580148,580568,-1,genes,,580148,0
772,PM_580592-580598,580592,580598,-1,promoter,"Mfl492, Mfl493, Mfl494, Mfl495",580592,0
773,Mfl496,580622,583283,-1,genes,,580622,0
774,PM_583428-583434,583428,583434,-1,promoter,Mfl496,583428,0
775,Mfl497,583523,584462,-1,genes,,583523,0
776,Mfl498,584478,584832,-1,genes,,584478,0
777,Mfl499,584837,586457,-1,genes,,584837,0
778,PM_584941-584947,584941,584947,-1,promoter,Mfl497,584941,1
779,PM_586482-586488,586482,586488,-1,promoter,"Mfl497, Mfl499",586482,0
780,Mfl500,586502,588062,-1,genes,,586502,0
781,PM_588101-588107,588101,588107,-1,promoter,"Mfl497, Mfl499, Mfl500",588101,0
782,Mfl501,588124,589072,-1,genes,,588124,0
783,PM_589103-589109,589103,589109,-1,promoter,Mfl501,589103,0
784,Mfl502,589160,590759,-1,genes,,589160,0
785,Mfl503,590774,591596,-1,genes,,590774,0
786,Mfl504,591599,592427,-1,genes,,591599,0
787,PM_592380-592386,592380,592386,-1,promoter,"Mfl502, Mfl503, Mfl504",592380,1
788,Mfl505,592451,594968,-1,genes,,592451,0
789,Mfl506,595008,595701,-1,genes,,595008,0
790,PM_595731-595737,595731,595737,-1,promoter,"Mfl505, Mfl506",595731,0
791,Mflt017,595785,595861,-1,genes,,595785,0
792,Mflt018,595863,595940,-1,genes,,595863,0
793,Mflt019,595947,596023,-1,genes,,595947,0
794,Mflt020,596033,596126,-1,genes,,596033,0
795,Mflt021,596164,596241,-1,genes,,596164,0
796,Mflt022,596249,596326,-1,genes,,596249,0
797,Mflt023,596335,596411,-1,genes,,596335,0
798,Mflt024,596424,596501,-1,genes,,596424,0
799,Mflt025,596548,596625,-1,genes,,596548,0
800,Mflt026,596764,596839,-1,genes,,596764,0
801,Mfl507,596941,597961,-1,genes,,596941,0
802,Mfl508,597950,598898,-1,genes,,597950,1
803,PM_598940-598946,598940,598946,-1,promoter,"Mfl507, Mfl508",598940,0
804,Mfl509,598960,602203,-1,genes,,598960,0
805,Mfl510,602166,603162,-1,genes,,602166,1
806,Mfl511,603166,604219,-1,genes,,603166,0
807,PM_604480-604486,604480,604486,-1,promoter,"Mfl509, Mfl510, Mfl511",604480,0
808,Mfl513,604571,605411,-1,genes,,604571,0
809,PM_605438-605444,605438,605444,-1,promoter,Mfl513,605438,0
810,Mfl514,605494,606415,-1,genes,,605494,0
811,Mfl515,606416,607868,-1,genes,,606416,0
812,PM_606444-606450,606444,606450,-1,promoter,Mfl514,606444,1
813,Mfl516,607872,609591,-1,genes,,607872,0
814,Mfl517,609610,610309,-1,genes,,609610,0
815,PM_610335-610341,610335,610341,-1,promoter,"Mfl514, Mfl515, Mfl516, Mfl517",610335,0
816,Mfl518,610539,611010,-1,genes,,610539,0
817,PM_611034-611040,611034,611040,-1,promoter,Mfl518,611034,0
818,Mfl519,611096,612818,-1,genes,,611096,0
819,PM_612857-612863,612857,612863,-1,promoter,Mfl519,612857,0
820,Mfl520,612950,613091,-1,genes,,612950,0
821,Mfl521,613109,613844,-1,genes,,613109,0
822,Mfl522,613863,615162,-1,genes,,613863,0
823,Mfl523,615187,615496,-1,genes,,615187,0
824,Mfl524,615485,616223,-1,genes,,615485,1
825,Mflt027,616279,616356,-1,genes,,616279,0
826,Mfl525,616475,618476,-1,genes,,616475,0
827,PM_618540-618546,618540,618546,-1,promoter,Mfl525,618540,0
828,Mfl526,618619,620059,-1,genes,,618619,0
829,Mfl527,620060,621593,-1,genes,,620060,0
830,PM_621659-621665,621659,621665,-1,promoter,"Mfl525, Mfl526, Mfl527",621659,0
831,Mfl528,621768,623934,-1,genes,,621768,0
832,Mfl529,623936,624392,-1,genes,,623936,0
833,Mfl530,624395,625418,-1,genes,,624395,0
834,PM_625613-625619,625613,625619,-1,promoter,"Mfl528, Mfl529, Mfl530",625613,0
835,Mfl531,625670,627254,-1,genes,,625670,0
836,Mfl532,627268,628609,-1,genes,,627268,0
837,Mfl533,628608,630516,-1,genes,,628608,1
838,Mfl534,630502,632482,-1,genes,,630502,1
839,PM_632525-632531,632525,632531,-1,promoter,"Mfl528, Mfl529, Mfl530, Mfl531, Mfl532, Mfl533, Mfl534",632525,1
841,Mfl535,632568,633348,-1,genes,,632568,0
842,Mfl536,633352,633658,-1,genes,,633352,0
843,Mfl537,633729,634356,-1,genes,,633729,0
844,Mfl538,634349,635297,-1,genes,,634349,1
845,PM_635325-635331,635325,635331,-1,promoter,"Mfl537, Mfl538",635325,0
846,Mfl539,635386,635773,-1,genes,,635386,0
847,Mfl540,635774,636506,-1,genes,,635774,0
848,Mfl541,636505,637006,-1,genes,,636505,1
849,Mfl542,637063,637333,-1,genes,,637063,0
850,PM_637365-637371,637365,637371,-1,promoter,"Mfl539, Mfl540, Mfl541, Mfl542",637365,0
851,Mfl543,637420,638290,-1,genes,,637420,0
852,PM_638311-638317,638311,638317,-1,promoter,Mfl543,638311,0
853,PM_638371-638377,638371,638377,1,promoter,Mfl544,638371,0
854,Mfl544,638401,638965,1,genes,,638401,0
855,Mfl545,639021,639816,-1,genes,,639021,0
856,PM_639832-639838,639832,639838,-1,promoter,Mfl545,639832,0
857,Mfl546,639878,640592,-1,genes,,639878,0
858,Mfl547,640593,641214,-1,genes,,640593,0
859,PM_640874-640880,640874,640880,-1,promoter,Mfl546,640874,1
860,Mfl548,641227,641983,-1,genes,,641227,0
861,Mfl549,641982,642612,-1,genes,,641982,1
862,Mfl550,642604,643438,-1,genes,,642604,1
863,PM_643462-643468,643462,643468,-1,promoter,"Mfl546, Mfl547, Mfl548, Mfl549, Mfl550",643462,0
864,Mfl551,643488,644328,-1,genes,,643488,0
865,Mfl552,644344,644914,-1,genes,,644344,0
866,Mfl553,644923,646408,-1,genes,,644923,0
867,Mfl554,646409,648071,-1,genes,,646409,0
868,Mfl555,648122,648668,-1,genes,,648122,0
869,Mfl556,648679,649396,-1,genes,,648679,0
870,PM_649421-649427,649421,649427,-1,promoter,"Mfl554, Mfl555, Mfl556",649421,0
871,Mfl558,649793,650537,-1,genes,,649793,0
872,Mfl559,650583,651144,-1,genes,,650583,0
873,Mfl560,651146,652040,-1,genes,,651146,0
874,Mfl561,652064,652916,-1,genes,,652064,0
875,PM_653008-653014,653008,653014,-1,promoter,"Mfl559, Mfl560, Mfl561",653008,0
876,Mfl562,653060,655121,-1,genes,,653060,0
877,Mfl563,655136,656108,-1,genes,,655136,0
878,PM_655161-655167,655161,655167,-1,promoter,Mfl562,655161,1
879,Mfl564,656044,657037,-1,genes,,656044,1
880,PM_657063-657069,657063,657069,-1,promoter,"Mfl562, Mfl563, Mfl564",657063,0
881,Mfl565,657112,657382,-1,genes,,657112,0
882,PM_657416-657422,657416,657422,-1,promoter,Mfl565,657416,0
883,Mfl566,657456,659628,-1,genes,,657456,0
884,Mfl567,659620,660457,-1,genes,,659620,1
885,Mfl568,660463,661423,-1,genes,,660463,0
886,PM_661454-661460,661454,661460,-1,promoter,"Mfl565, Mfl566, Mfl567, Mfl568",661454,0
887,PM_661540-661546,661540,661546,1,promoter,"Mfl569, Mfl570",661540,0
888,Mfl569,661595,662198,1,genes,,661595,0
889,PM_662205-662211,662205,662211,1,promoter,Mfl570,662205,0
890,Mfl570,662346,664113,1,genes,,662346,0
891,Mfl571,664135,666751,-1,genes,,664135,0
892,Mfl572,666750,667500,-1,genes,,666750,1
893,Mfl573,667569,668787,-1,genes,,667569,0
894,PM_668961-668967,668961,668967,-1,promoter,"Mfl571, Mfl572, Mfl573",668961,0
895,PM_669045-669051,669045,669051,1,promoter,Mfl574,669045,0
896,Mfl574,669081,670032,1,genes,,669081,0
897,Mfl575,670095,670602,-1,genes,,670095,0
898,PM_670623-670629,670623,670629,-1,promoter,Mfl575,670623,0
899,PM_670652-670658,670652,670658,1,promoter,Mfl576,670652,0
900,Mfl576,670869,671556,1,genes,,670869,0
901,Mfl577,671595,672810,-1,genes,,671595,0
902,PM_672840-672846,672840,672846,-1,promoter,Mfl577,672840,0
903,Mfl578,672922,673936,-1,genes,,672922,0
904,PM_673973-673979,673973,673979,-1,promoter,Mfl578,673973,0
905,Mfl579,674028,674964,-1,genes,,674028,0
906,Mfl580,674971,676156,-1,genes,,674971,0
907,PM_675295-675301,675295,675301,-1,promoter,Mfl579,675295,1
908,PM_676181-676187,676181,676187,-1,promoter,"Mfl579, Mfl580",676181,0
909,Mfl581,676318,677146,-1,genes,,676318,0
910,Mfl582,677163,679851,-1,genes,,677163,0
911,Mfl583,679867,682846,-1,genes,,679867,0
912,Mfl584,682845,684048,-1,genes,,682845,1
913,Mfl585,684065,685856,-1,genes,,684065,0
914,PM_685883-685889,685883,685889,-1,promoter,"Mfl581, Mfl582, Mfl583, Mfl584, Mfl585",685883,0
915,PM_685937-685943,685937,685943,1,promoter,Mfl586,685937,0
916,Mfl586,686107,686734,1,genes,,686107,0
917,Mfl587,686984,688226,-1,genes,,686984,0
918,Mfl588,688236,689292,-1,genes,,688236,0
919,Mfl589,689296,689878,-1,genes,,689296,0
920,PM_689910-689916,689910,689916,-1,promoter,"Mfl587, Mfl588, Mfl589",689910,0
921,PM_689914-689920,689914,689920,1,promoter,"Mfl590, Mfl591",689914,1
922,Mfl590,689955,690786,1,genes,,689955,0
923,Mfl591,690794,691646,1,genes,,690794,0
924,Mflt028,691698,691774,-1,genes,,691698,0
925,Mflt029,691815,691891,-1,genes,,691815,0
926,Mfl592,691956,692412,-1,genes,,691956,0
927,Mfl593,692414,692639,-1,genes,,692414,0
928,PM_692656-692662,692656,692662,-1,promoter,"-, -, Mfl593",692656,0
929,Mfl594,692670,693006,-1,genes,,692670,0
930,Mfl595,692992,694123,-1,genes,,692992,1
931,Mfl596,694197,695151,-1,genes,,694197,0
932,PM_695188-695194,695188,695194,-1,promoter,Mfl596,695188,0
933,Mfl597,695299,699064,-1,genes,,695299,0
934,Mfl598,699073,702928,-1,genes,,699073,0
935,Mfl599,702942,704100,-1,genes,,702942,0
936,PM_704182-704188,704182,704188,-1,promoter,"Mfl597, Mfl598, Mfl599",704182,0
937,PM_704274-704280,704274,704280,1,promoter,Mfl600,704274,0
938,Mfl600,704314,705424,1,genes,,704314,0
939,Mfl601,705468,705837,-1,genes,,705468,0
940,Mfl602,705896,706397,-1,genes,,705896,0
941,PM_706585-706591,706585,706591,-1,promoter,"Mfl601, Mfl602",706585,0
942,Mfl604,706622,709178,-1,genes,,706622,0
943,PM_709221-709227,709221,709227,-1,promoter,"Mfl601, Mfl602, Mfl604",709221,1
945,Mfl605,709255,710644,-1,genes,,709255,0
946,Mfl606,710630,711653,-1,genes,,710630,1
947,PM_710875-710881,710875,710881,-1,promoter,Mfl605,710875,1
948,PM_711670-711676,711670,711676,-1,promoter,"Mfl605, Mfl606",711670,0
949,Mfl607,711727,712168,-1,genes,,711727,0
950,Mfl608,712216,712900,-1,genes,,712216,0
951,Mfl609,712899,713328,-1,genes,,712899,1
952,PM_713428-713434,713428,713434,-1,promoter,"Mfl608, Mfl609",713428,0
953,PM_713779-713785,713779,713785,1,promoter,Mfl610,713779,0
954,Mfl610,713822,714908,1,genes,,713822,0
955,Mfl611,714912,715827,-1,genes,,714912,0
956,PM_715851-715857,715851,715857,-1,promoter,Mfl611,715851,0
957,Mfl612,715900,716185,-1,genes,,715900,0
958,PM_716216-716222,716216,716222,-1,promoter,Mfl612,716216,0
959,Mfl613,716264,718943,-1,genes,,716264,0
960,PM_718966-718972,718966,718972,-1,promoter,"Mfl612, Mfl613",718966,0
961,PM_719017-719023,719017,719023,1,promoter,Mfl614,719017,0
962,Mfl614,719062,719914,1,genes,,719062,0
963,Mfl615,719950,721402,-1,genes,,719950,0
964,PM_721425-721431,721425,721431,-1,promoter,Mfl615,721425,0
965,Mfl616,721512,722445,-1,genes,,721512,0
966,Mfl617,722437,723838,-1,genes,,722437,1
967,PM_723860-723866,723860,723866,-1,promoter,"Mfl615, Mfl616, Mfl617",723860,0
968,Mfl618,723918,724662,-1,genes,,723918,0
969,PM_724682-724688,724682,724688,-1,promoter,Mfl618,724682,0
970,Mfl619,724727,727352,-1,genes,,724727,0
971,PM_727374-727380,727374,727380,-1,promoter,Mfl619,727374,0
972,Mfl620,727495,727855,-1,genes,,727495,0
973,PM_727876-727882,727876,727882,-1,promoter,Mfl620,727876,0
974,Mfl621,727921,729106,-1,genes,,727921,0
975,PM_729207-729213,729207,729213,-1,promoter,Mfl621,729207,0
976,Mfl622,729246,731316,-1,genes,,729246,0
977,Mfl623,731353,731821,-1,genes,,731353,0
978,Mfl624,731901,732315,-1,genes,,731901,0
979,PM_732364-732370,732364,732370,-1,promoter,"Mfl621, Mfl622, Mfl623, Mfl624",732364,0
980,Mfl625,732417,732963,-1,genes,,732417,0
981,Mfl626,732971,734537,-1,genes,,732971,0
982,PM_733248-733254,733248,733254,-1,promoter,Mfl625,733248,1
983,Mfl627,734530,735256,-1,genes,,734530,1
984,PM_735283-735289,735283,735289,-1,promoter,"Mfl625, Mfl626, Mfl627",735283,0
985,Mfl628,735342,736257,-1,genes,,735342,0
986,PM_736291-736297,736291,736297,-1,promoter,Mfl628,736291,0
987,Mfl629,736358,737018,-1,genes,,736358,0
988,Mfl630,737005,737512,-1,genes,,737005,1
989,Mfl632,737501,739010,-1,genes,,737501,1
990,Mfl633,739018,739921,-1,genes,,739018,0
991,PM_739080-739086,739080,739086,-1,promoter,"Mfl629, Mfl630, Mfl632",739080,1
992,Mfl634,739871,740963,-1,genes,,739871,1
993,Mfl635,740965,741577,-1,genes,,740965,0
994,Mfl636,741579,742524,-1,genes,,741579,0
995,Mfl637,742536,744414,-1,genes,,742536,0
996,PM_744452-744458,744452,744458,-1,promoter,"Mfl629, Mfl630, Mfl632, Mfl633, Mfl634, Mfl635, Mfl636, Mfl637",744452,0
997,Mfl638,744519,744798,-1,genes,,744519,0
998,PM_744854-744860,744854,744860,-1,promoter,Mfl638,744854,0
999,Mfl639,744909,745548,-1,genes,,744909,0
1000,Mfl640,745534,746218,-1,genes,,745534,1
1001,PM_746030-746036,746030,746036,-1,promoter,Mfl639,746030,1
1002,PM_746239-746245,746239,746245,1,promoter,Mfl641,746239,0
1003,Mfl641,746277,747093,1,genes,,746277,0
1004,Mfl642,747089,748016,-1,genes,,747089,1
1005,Mfl643,748032,749541,-1,genes,,748032,0
1006,Mfl644,749712,750603,-1,genes,,749712,0
1007,PM_750634-750640,750634,750640,-1,promoter,Mfl644,750634,0
1008,Mfl645,750673,751528,-1,genes,,750673,0
1009,Mfl646,751527,752232,-1,genes,,751527,1
1010,PM_752257-752263,752257,752263,-1,promoter,"Mfl644, Mfl645, Mfl646",752257,0
1011,PM_752307-752313,752307,752313,1,promoter,Mfl647,752307,0
1012,Mfl647,752336,752849,1,genes,,752336,0
1013,Mfl648,752874,754473,-1,genes,,752874,0
1014,Mfl649,754545,754971,-1,genes,,754545,0
1015,Mfl650,754986,756195,-1,genes,,754986,0
1016,PM_755372-755378,755372,755378,-1,promoter,Mfl649,755372,1
1017,Mfl651,756204,757653,-1,genes,,756204,0
1018,PM_757685-757691,757685,757691,-1,promoter,"Mfl649, Mfl650, Mfl651",757685,0
1019,Mfl652,757700,759458,-1,genes,,757700,0
1020,Mfl653,759488,760817,-1,genes,,759488,0
1021,PM_760844-760850,760844,760850,-1,promoter,"Mfl649, Mfl650, Mfl651, Mfl652, Mfl653",760844,0
1022,PM_760876-760882,760876,760882,1,promoter,Mfl654,760876,0
1023,Mfl654,760994,762911,1,genes,,760994,0
1024,Mfl655,762944,763628,-1,genes,,762944,0
1025,PM_763649-763655,763649,763655,-1,promoter,Mfl655,763649,0
1026,Mfl656,763696,764392,1,genes,,763696,0
1027,Mfl657,764437,765022,-1,genes,,764437,0
1028,PM_765043-765049,765043,765049,-1,promoter,Mfl657,765043,0
1029,Mfl658,765063,766458,-1,genes,,765063,0
1030,PM_766610-766616,766610,766616,-1,promoter,"Mfl657, Mfl658",766610,0
1031,Mfl659,766636,767353,-1,genes,,766636,0
1032,Mfl660,767321,768416,-1,genes,,767321,1
1033,Mfl661,768417,768615,-1,genes,,768417,0
1034,Mfl662,768614,769328,-1,genes,,768614,1
1035,PM_769354-769360,769354,769360,-1,promoter,"Mfl659, Mfl660, Mfl661, Mfl662",769354,0
1036,Mfl663,769417,770035,-1,genes,,769417,0
1037,Mfl664,770003,771737,-1,genes,,770003,1
1038,PM_770161-770167,770161,770167,-1,promoter,Mfl663,770161,1
1039,PM_771688-771694,771688,771694,-1,promoter,"Mfl663, Mfl664",771688,1
1040,Mfl665,771766,772474,-1,genes,,771766,0
1041,PM_772499-772505,772499,772505,-1,promoter,Mfl665,772499,0
1042,Mfl666,772502,773402,-1,genes,,772502,1
1043,PM_772821-772827,772821,772827,-1,promoter,Mfl665,772821,1
1044,Mfl667,773385,775224,-1,genes,,773385,1
1045,Mfl668,775227,776763,-1,genes,,775227,0
1046,Mfl669,776772,778146,-1,genes,,776772,0
1047,PM_778290-778296,778290,778296,-1,promoter,"Mfl665, Mfl666, Mfl667, Mfl668, Mfl669",778290,0
1048,Mfl670,778356,779682,-1,genes,,778356,0
1049,PM_779708-779714,779708,779714,-1,promoter,Mfl670,779708,0
1050,Mfl671,779746,781627,-1,genes,,779746,0
1051,PM_781661-781667,781661,781667,-1,promoter,"Mfl670, Mfl671",781661,0
1052,Mfl672,781760,783713,-1,genes,,781760,0
1053,PM_783749-783755,783749,783755,-1,promoter,Mfl672,783749,0
1054,Mfl673,783775,784972,-1,genes,,783775,0
1055,Mfl674,784975,785698,-1,genes,,784975,0
1056,Mfl675,785697,786441,-1,genes,,785697,1
1057,Mfl676,786419,787055,-1,genes,,786419,1
1058,Mfl677,787056,787647,-1,genes,,787056,0
1059,Mfl678,787649,789545,-1,genes,,787649,0
1060,PM_789579-789585,789579,789585,-1,promoter,"Mfl672, Mfl673, Mfl674, Mfl675, Mfl676, Mfl677, Mfl678",789579,0
1061,Mfl679,789718,790147,-1,genes,,789718,0
1062,PM_790153-790159,790153,790159,-1,promoter,Mfl679,790153,0
1063,Mfl680,790280,791081,-1,genes,,790280,0
1064,PM_791112-791118,791112,791118,-1,promoter,Mfl680,791112,0
1065,Mfl681,791180,792437,-1,genes,,791180,0
1066,Mfl682,792444,792777,-1,genes,,792444,0
1067,Mfl682.1,792789,792924,-1,genes,,792789,0
1068,PM_792963-792969,792963,792969,-1,promoter,"Mfl681, Mfl682, Mfl682.1",792963,0
1069,PM_793195-793201,793195,793201,1,promoter,Mfl001,793195,0
